2025-11-16_15-07-53,0,draft.py:2025-11-16_15-07-53
2025-11-16_15-19-04,0,draft.py:2025-11-16_15-19-04
2025-11-16_15-19-32,0,draft.py:2025-11-16_15-19-04
2025-11-16_15-22-19,0,draft.py:2025-11-16_15-22-19
2025-11-16_15-32-11,0,draft.py:2025-11-16_15-32-11
2025-11-16_15-32-42,0,draft.py:2025-11-16_15-32-42
2025-11-16_15-33-36,0,draft.py:2025-11-16_15-33-36
2025-11-16_15-33-51,0,draft.py:2025-11-16_15-33-51
2025-11-16_15-34-38,0,draft.py:2025-11-16_15-34-38
2025-11-16_15-36-37,0,draft.py:2025-11-16_15-36-37
2025-11-16_15-36-38,0,draft.py:2025-11-16_15-36-37
2025-11-16_15-38-16,0,draft.py:2025-11-16_15-38-16
2025-11-16_15-38-16,0,draft.py:2025-11-16_15-38-16
2025-11-16_15-38-47,0,draft.py:2025-11-16_15-38-47
2025-11-16_15-38-52,0,draft.py:2025-11-16_15-38-52
2025-11-16_15-39-53,0,draft.py:2025-11-16_15-39-53
2025-11-16_15-41-31,0,draft.py:2025-11-16_15-41-31
2025-11-16_15-41-32,0,draft.py:2025-11-16_15-41-31
2025-11-16_15-42-37,---,draft.py:2025-11-16_15-42-37
2025-11-16_15-51-06,0,draft.py:2025-11-16_15-51-06
2025-11-16_15-52-12,---,draft.py:2025-11-16_15-52-12
2025-11-16_15-53-15,0,draft.py:2025-11-16_15-52-12
2025-11-16_15-54-04,0,draft.py:2025-11-16_15-52-12
2025-11-16_15-58-41,10,draft.py:2025-11-16_15-58-41
2025-11-16_15-58-57,---,draft.py:2025-11-16_15-58-41
2025-11-16_16-03-23,10,draft.py:2025-11-16_16-03-23
2025-11-16_16-04-00,---,draft.py:2025-11-16_16-03-23
2025-11-16_16-06-54,30,draft.py:2025-11-16_16-06-54
2025-11-16_16-09-57,0,draft.py:2025-11-16_16-09-57
2025-11-16_16-10-00,---,draft.py:2025-11-16_16-09-57
2025-11-16_16-11-29,20,draft.py:2025-11-16_16-11-29
2025-11-16_16-12-06,30,draft.py:2025-11-16_16-12-06
2025-11-16_16-12-42,20,draft.py:2025-11-16_16-12-42
2025-11-16_16-12-43,20,draft.py:2025-11-16_16-12-42
2025-11-16_16-12-44,20,draft.py:2025-11-16_16-12-42
2025-11-16_16-12-44,20,draft.py:2025-11-16_16-12-42
2025-11-16_16-12-57,30,draft.py:2025-11-16_16-12-57
2025-11-16_16-12-59,30,draft.py:2025-11-16_16-12-57
2025-11-16_16-13-54,30,draft.py:2025-11-16_16-13-54
2025-11-16_16-14-14,---,draft.py:2025-11-16_16-13-54
2025-11-16_16-14-59,30,draft.py:2025-11-16_16-13-54
2025-11-16_16-16-40,0,draft.py:2025-11-16_16-16-40
2025-11-16_16-18-43,30,draft.py:2025-11-16_16-18-43
2025-11-16_16-18-47,---,draft.py:2025-11-16_16-18-43
2025-11-16_16-19-44,30,draft.py:2025-11-16_16-19-44
2025-11-16_16-19-49,30,draft.py:2025-11-16_16-19-44
2025-11-16_16-19-50,30,draft.py:2025-11-16_16-19-44
2025-11-16_16-19-51,---,draft.py:2025-11-16_16-19-44
2025-11-16_16-25-49,20,draft.py:2025-11-16_16-25-49
2025-11-16_16-27-02,30,draft.py:2025-11-16_16-27-02
2025-11-16_16-28-25,30,draft.py:2025-11-16_16-27-02
2025-11-16_16-30-28,50,draft.py:2025-11-16_16-30-28
2025-11-16_16-30-40,50,draft.py:2025-11-16_16-30-28
2025-11-16_16-32-52,50,draft.py:2025-11-16_16-32-52
2025-11-16_16-33-37,0,draft.py:2025-11-16_16-33-37
2025-11-16_16-33-39,0,draft.py:2025-11-16_16-33-37
2025-11-16_16-34-13,0,draft.py:2025-11-16_16-34-13
2025-11-16_16-34-35,70,draft.py:2025-11-16_16-34-35
2025-11-16_16-36-02,70,draft.py:2025-11-16_16-34-35
2025-11-16_16-41-23,0,draft.py:2025-11-16_16-41-23
2025-11-16_16-42-42,70,draft.py:2025-11-16_16-42-42
2025-11-16_16-43-37,40,draft.py:2025-11-16_16-43-37
2025-11-16_16-44-15,40,draft.py:2025-11-16_16-44-15
2025-11-16_16-44-20,40,draft.py:2025-11-16_16-44-15
2025-11-16_16-46-13,70,draft.py:2025-11-16_16-46-13
2025-11-16_16-46-51,90,draft.py:2025-11-16_16-46-51
2025-11-16_16-47-17,90,draft.py:2025-11-16_16-46-51
2025-11-16_16-49-46,90,draft.py:2025-11-16_16-46-51
2025-11-16_16-49-51,90,draft.py:2025-11-16_16-46-51
2025-11-16_16-52-03,---,draft.py:2025-11-16_16-52-03
2025-11-16_16-52-51,---,draft.py:2025-11-16_16-52-51
2025-11-16_16-54-17,---,draft.py:2025-11-16_16-54-17
2025-11-16_16-56-26,---,draft.py:2025-11-16_16-56-26
2025-11-16_16-58-47,---,draft.py:2025-11-16_16-56-26
2025-11-16_16-59-22,90,draft.py:2025-11-16_16-56-26
2025-11-16_17-03-04,90,draft.py:2025-11-16_16-56-26
2025-11-16_17-05-37,90,draft.py:2025-11-16_16-56-26
2025-11-16_17-06-05,---,draft.py:2025-11-16_16-56-26
2025-11-16_17-09-46,100,draft.py:2025-11-16_17-09-46
2025-11-16_17-10-02,100,draft.py:2025-11-16_17-09-46
2025-11-16_17-10-03,100,draft.py:2025-11-16_17-09-46
2025-11-16_17-10-06,100,draft.py:2025-11-16_17-09-46
