2025-11-16_17-16-36,---,draft.py:2025-11-16_17-16-36
2025-11-17_13-28-33,0,draft.py:2025-11-17_13-28-33
2025-11-17_13-29-44,0,draft.py:2025-11-17_13-29-44
2025-11-17_13-31-28,0,draft.py:2025-11-17_13-31-28
2025-11-17_13-31-30,0,draft.py:2025-11-17_13-31-28
2025-11-17_13-32-40,0,draft.py:2025-11-17_13-32-40
2025-11-17_13-33-41,0,draft.py:2025-11-17_13-33-41
2025-11-17_13-33-53,---,draft.py:2025-11-17_13-33-41
2025-11-17_13-35-32,0,draft.py:2025-11-17_13-35-32
2025-11-17_13-53-04,0,draft.py:2025-11-17_13-53-04
2025-11-17_14-00-19,0,draft.py:2025-11-17_14-00-19
2025-11-17_14-00-20,0,draft.py:2025-11-17_14-00-19
2025-11-17_14-03-20,0,draft.py:2025-11-17_14-03-20
2025-11-17_14-03-21,0,draft.py:2025-11-17_14-03-20
2025-11-17_16-08-48,0,draft.py:2025-11-17_16-08-48
2025-11-17_16-08-49,0,draft.py:2025-11-17_16-08-48
2025-11-17_16-09-19,0,draft.py:2025-11-17_16-09-19
2025-11-17_16-09-19,0,draft.py:2025-11-17_16-09-19
2025-11-17_16-10-12,0,draft.py:2025-11-17_16-10-12
2025-11-17_16-10-13,0,draft.py:2025-11-17_16-10-12
2025-11-17_16-11-35,0,draft.py:2025-11-17_16-11-35
2025-11-17_16-12-21,0,draft.py:2025-11-17_16-12-21
2025-11-17_16-12-22,0,draft.py:2025-11-17_16-12-21
2025-11-17_16-12-23,0,draft.py:2025-11-17_16-12-21
2025-11-17_16-12-57,0,draft.py:2025-11-17_16-12-21
2025-11-17_16-13-47,0,draft.py:2025-11-17_16-13-47
2025-11-17_16-14-08,0,draft.py:2025-11-17_16-14-08
2025-11-17_16-14-47,0,draft.py:2025-11-17_16-14-47
2025-11-17_16-19-43,0,draft.py:2025-11-17_16-19-43
2025-11-17_16-19-43,0,draft.py:2025-11-17_16-19-43
2025-11-17_16-20-08,0,draft.py:2025-11-17_16-20-08
2025-11-17_16-21-13,0,draft.py:2025-11-17_16-21-13
2025-11-17_16-21-14,0,draft.py:2025-11-17_16-21-13
2025-11-17_16-21-29,0,draft.py:2025-11-17_16-21-13
2025-11-17_16-22-04,0,draft.py:2025-11-17_16-22-04
2025-11-17_16-25-33,0,draft.py:2025-11-17_16-25-33
2025-11-17_16-26-17,33,draft.py:2025-11-17_16-26-17
2025-11-17_16-27-54,33,draft.py:2025-11-17_16-26-17
2025-11-17_16-32-24,33,draft.py:2025-11-17_16-32-24
2025-11-17_16-40-19,33,draft.py:2025-11-17_16-40-19
2025-11-17_16-45-10,33,draft.py:2025-11-17_16-45-10
2025-11-17_16-48-08,33,draft.py:2025-11-17_16-48-08
2025-11-17_16-48-32,33,draft.py:2025-11-17_16-48-08
2025-11-17_16-50-21,---,draft.py:2025-11-17_16-48-08
2025-11-17_16-55-01,33,draft.py:2025-11-17_16-55-01
2025-11-17_16-55-34,33,draft.py:2025-11-17_16-55-34
2025-11-17_16-55-39,33,draft.py:2025-11-17_16-55-39
2025-11-17_16-55-47,33,draft.py:2025-11-17_16-55-47
2025-11-17_16-56-45,33,draft.py:2025-11-17_16-56-45
2025-11-17_16-57-01,44,draft.py:2025-11-17_16-57-01
2025-11-17_16-59-24,44,draft.py:2025-11-17_16-57-01
2025-11-17_17-02-27,44,draft.py:2025-11-17_17-02-27
2025-11-17_17-03-22,33,draft.py:2025-11-17_17-03-22
2025-11-17_17-03-32,0,draft.py:2025-11-17_17-03-32
2025-11-17_17-03-51,33,draft.py:2025-11-17_17-03-51
2025-11-17_17-07-33,0,draft.py:2025-11-17_17-07-33
2025-11-17_17-07-46,33,draft.py:2025-11-17_17-07-46
2025-11-17_17-08-34,44,draft.py:2025-11-17_17-08-34
2025-11-17_17-08-45,44,draft.py:2025-11-17_17-08-34
2025-11-17_17-08-45,44,draft.py:2025-11-17_17-08-34
2025-11-17_17-08-46,44,draft.py:2025-11-17_17-08-34
2025-11-18_08-05-16,33,draft.py:2025-11-18_08-05-16
2025-11-18_08-09-09,44,draft.py:2025-11-18_08-09-09
2025-11-18_08-13-53,44,draft.py:2025-11-18_08-13-53
2025-11-18_08-13-58,---,draft.py:2025-11-18_08-13-53
2025-11-18_08-32-25,44,draft.py:2025-11-18_08-32-25
2025-11-18_08-33-32,0,draft.py:2025-11-18_08-33-32
2025-11-18_08-33-43,44,draft.py:2025-11-18_08-33-43
2025-11-18_08-43-38,44,draft.py:2025-11-18_08-33-43
2025-11-18_09-00-22,44,draft.py:2025-11-18_09-00-22
2025-11-18_09-18-30,33,draft.py:2025-11-18_09-18-30
2025-11-18_09-19-02,33,draft.py:2025-11-18_09-18-30
2025-11-18_09-20-02,33,draft.py:2025-11-18_09-20-02
2025-11-18_09-25-12,44,draft.py:2025-11-18_09-25-12
2025-11-18_09-25-16,44,draft.py:2025-11-18_09-25-12
2025-11-18_09-26-30,66,draft.py:2025-11-18_09-26-30
2025-11-18_09-26-48,66,draft.py:2025-11-18_09-26-30
2025-11-18_09-38-15,66,draft.py:2025-11-18_09-38-15
2025-11-18_09-38-24,66,draft.py:2025-11-18_09-38-15
2025-11-18_09-51-00,66,draft.py:2025-11-18_09-38-15
2025-11-18_09-51-45,66,draft.py:2025-11-18_09-51-45
2025-11-18_09-52-21,100,draft.py:2025-11-18_09-52-21
2025-11-18_09-53-03,100,draft.py:2025-11-18_09-52-21
2025-11-18_09-53-11,100,draft.py:2025-11-18_09-52-21
2025-11-18_11-54-46,100,draft.py:2025-11-18_09-52-21
2025-11-18_11-55-00,100,draft.py:2025-11-18_11-55-00
2025-11-18_11-55-11,100,draft.py:2025-11-18_11-55-11
